variable_type,layer,position,n_train,n_val,n_test,n_classes,chance,best_C,val_balanced_accuracy,test_accuracy,test_balanced_accuracy,test_cross_entropy,test_macro_auroc,null_mean,null_q95,null_max,bootstrap_lo,bootstrap_hi,n_permutations,n_features,families,notes
z1,0,-1,700,280,420,3,0.3333333333333333,1.0,0.8942460317460318,0.8690476190476191,0.8696296886480935,0.371760295615987,0.9687688070559438,0.347213484538638,0.4131324134041049,0.4379954547351568,0.8112421031844067,0.9180379014570685,50,699,demo_two_step,
z1,5,-1,700,280,420,3,0.3333333333333333,0.3,0.8426190476190477,0.7619047619047619,0.7709276311379729,0.688696429705384,0.9238887780312148,0.3335629767058339,0.420477885149226,0.4408041855894616,0.7077275040108642,0.8393647245975228,50,699,demo_two_step,
z1,10,-1,700,280,420,3,0.3333333333333333,0.03,0.8814682539682539,0.8380952380952381,0.8381806040877032,0.36821822837805895,0.9644384118174498,0.34027751409171214,0.41555783198202123,0.43680766599259147,0.7760379739631086,0.8925682175725741,50,699,demo_two_step,
z1,15,-1,700,280,420,3,0.3333333333333333,1.0,0.9315079365079365,0.9547619047619048,0.9580616481580547,0.10970454430902454,0.9967958260844383,0.3535960051244889,0.4261345962441492,0.44182162175150785,0.9312205438488377,0.9816617196683581,50,699,demo_two_step,
z1,20,-1,700,280,420,3,0.3333333333333333,1.0,0.9890873015873015,0.9809523809523809,0.982749746115215,0.07408091405525066,0.9981028736554197,0.3586152801332469,0.43592065642021816,0.4594220659076049,0.9650774572649573,0.9956471720214191,50,699,demo_two_step,
z1,25,-1,700,280,420,3,0.3333333333333333,0.1,0.9892261904761904,0.9380952380952381,0.941838442013727,0.1455825407608355,0.9956703887564831,0.34523671673540207,0.42038070070935973,0.4627780243906449,0.9037769346319097,0.9754322546283124,50,699,demo_two_step,
z1,30,-1,700,280,420,3,0.3333333333333333,0.1,0.9789484126984127,0.9142857142857143,0.9162393940658621,0.20120994164473435,0.9912049122373654,0.3509466494164128,0.4290471384686985,0.46886265939727817,0.873068689436504,0.9502490787052648,50,699,demo_two_step,
z2,0,-1,700,280,420,3,0.3333333333333333,0.1,0.8969582721734185,0.919047619047619,0.9181718858077094,0.22694951024559723,0.9842834500618706,0.34787304282210896,0.4187653272967364,0.46590658995158146,0.882157487727859,0.9469665586898179,50,699,demo_two_step,
z2,5,-1,700,280,420,3,0.3333333333333333,0.01,0.6406475210261785,0.5833333333333334,0.5799534678991385,0.8548494145231156,0.8097983784099897,0.3329869364270892,0.38323743947682826,0.40500220084260824,0.5192964335519756,0.6482919641954207,50,699,demo_two_step,
z2,10,-1,700,280,420,3,0.3333333333333333,1.0,0.8752677169200406,0.8595238095238096,0.8555461233729486,0.5581756375338545,0.9539065668187443,0.33624300446456645,0.3864029192605169,0.39455212852920835,0.8043015601610632,0.8999319834510564,50,699,demo_two_step,
z2,15,-1,700,280,420,3,0.3333333333333333,0.1,0.9690135516297306,0.9619047619047619,0.9609664843111364,0.09347526629993243,0.9976238343334728,0.34117273470414383,0.3978486763503741,0.48251509149217137,0.9348289399657034,0.9829284264190717,50,699,demo_two_step,
z2,20,-1,700,280,420,3,0.3333333333333333,0.003,1.0,1.0,1.0,0.02351965274609435,1.0,0.3483823020813683,0.45139557001823544,0.5395051248192164,1.0,1.0,50,699,demo_two_step,
z2,25,-1,700,280,420,3,0.3333333333333333,0.003,1.0,1.0,1.0,0.034386514170567435,1.0,0.3484022668678866,0.4575076243476074,0.47772432874300447,1.0,1.0,50,699,demo_two_step,
z2,30,-1,700,280,420,3,0.3333333333333333,0.1,0.9931972789115647,0.9952380952380953,0.9953703703703703,0.018657139965040908,1.0,0.32697242658617864,0.4332553213230208,0.5032580330755203,0.981016548463357,1.0,50,699,demo_two_step,
answer,0,-1,700,280,420,12,0.08333333333333333,0.003,0.27675461810661056,0.3142857142857143,0.31920608884367957,1.9020536009363787,0.8376466963564294,0.08529297350389681,0.11379227329984477,0.13603009777578742,0.267163976371513,0.375223955929893,50,699,demo_two_step,
answer,5,-1,700,280,420,12,0.08333333333333333,0.003,0.24165055725776788,0.2261904761904762,0.2343498492120316,2.1697949160880112,0.7768976837402618,0.07840366369688058,0.10764876876350331,0.12871944822375855,0.18087394809252744,0.2928555286658798,50,699,demo_two_step,
answer,10,-1,700,280,420,12,0.08333333333333333,0.003,0.22519454735299138,0.26904761904761904,0.26865691479745474,2.0647057407253557,0.7875187593629436,0.07869221567213854,0.1057670772216768,0.10729968326951085,0.22044086590239134,0.3152136699701833,50,699,demo_two_step,
answer,15,-1,700,280,420,12,0.08333333333333333,0.003,0.2571738803048101,0.29523809523809524,0.293483329681719,2.130955971480834,0.765227493008037,0.08869259683007416,0.12029338637919626,0.12880048814713063,0.2418750339900351,0.3414968011945824,50,699,demo_two_step,
answer,20,-1,700,280,420,12,0.08333333333333333,0.1,0.7823745131809647,0.7666666666666667,0.7553311569163429,0.7507139412024963,0.9747011390308687,0.09278700363375954,0.13028202982972714,0.14756590668285313,0.6928191283307114,0.8051767699283386,50,699,demo_two_step,
answer,25,-1,700,280,420,12,0.08333333333333333,0.01,0.9890873015873015,0.9714285714285714,0.9719026292302154,0.10515906296774206,0.9992387654669415,0.0908868064664344,0.1375835095527983,0.1756013927350134,0.9519355023636418,0.9873670990237494,50,699,demo_two_step,
answer,30,-1,700,280,420,12,0.08333333333333333,0.01,0.9710798460798461,0.9738095238095238,0.9740808423459285,0.13026760441319912,0.998829495898233,0.09440575804970086,0.14756856432502982,0.15995587062397407,0.9587681334964651,0.9885530406762569,50,699,demo_two_step,
z1_control,0,-1,700,280,420,3,0.3333333333333333,1.0,0.7182651321398125,0.7261904761904762,0.7297178091681932,0.8914917576664028,0.8849167243857338,0.3447951354641241,0.4201669108034694,0.4399741479185258,0.664037749538542,0.7877178686349904,50,699,demo_two_step,
z1_control,5,-1,700,280,420,3,0.3333333333333333,0.1,0.7145353793691389,0.5523809523809524,0.5543321806553629,1.4483311269706058,0.7474310828980443,0.3417679932248368,0.40787535054913654,0.4256121522396004,0.45472499452892157,0.638662824623071,50,699,demo_two_step,
z1_control,10,-1,700,280,420,3,0.3333333333333333,1.0,0.6356990622335891,0.6547619047619048,0.6573546089505737,1.3373383575271836,0.844354701913073,0.3480495035069591,0.43710842095838615,0.4681818559876631,0.5715706804447376,0.7372084112885041,50,699,demo_two_step,
z1_control,15,-1,700,280,420,3,0.3333333333333333,1.0,0.6101662404092072,0.6642857142857143,0.6651827650180828,1.3219181556631978,0.8269638699213947,0.3345111882172436,0.4003210105404474,0.48504258450362436,0.5827470374198466,0.7381281171607592,50,699,demo_two_step,
z1_control,20,-1,700,280,420,3,0.3333333333333333,0.1,0.5657075873827792,0.6023809523809524,0.6022343654595838,1.2049284412265115,0.7751808294290057,0.3455296863502575,0.3929591912369076,0.41363526059524364,0.5349142180390347,0.664426627611012,50,699,demo_two_step,
z1_control,25,-1,700,280,420,3,0.3333333333333333,1.0,0.5068627450980392,0.5452380952380952,0.5477511282153649,1.8612591607696662,0.7203085997046236,0.33891891673711905,0.3937502690886603,0.42546611048486843,0.48647219499100613,0.6092024085283233,50,699,demo_two_step,
z1_control,30,-1,700,280,420,3,0.3333333333333333,0.3,0.5112745098039216,0.46904761904761905,0.47054531061637944,1.714055038415324,0.6676315474270106,0.3354811916811484,0.3977409211932272,0.4100968670251906,0.3992733295141513,0.5354135098808962,50,699,demo_two_step,
z2_control,0,-1,700,280,420,3,0.3333333333333333,0.1,0.7525966827451976,0.6238095238095238,0.6327160493827161,0.9201882573150112,0.8462967718015101,0.33476671476671477,0.41805956389289717,0.45895462562129224,0.5423242911138823,0.7173802063262577,50,699,demo_two_step,
z2_control,5,-1,700,280,420,3,0.3333333333333333,0.3,0.5137534907336887,0.4166666666666667,0.4235743680188125,2.8386840335041077,0.6169545662545463,0.3276267970712415,0.39430682486238045,0.42218481107369993,0.34156122958619645,0.5044974490148931,50,699,demo_two_step,
z2_control,10,-1,700,280,420,3,0.3333333333333333,1.0,0.5256634509604807,0.46190476190476193,0.4640852974186307,2.6600005676472382,0.6607634183906618,0.322008177008177,0.37696274918497136,0.4085564641120197,0.38388018729971457,0.5460620707123665,50,699,demo_two_step,
z2_control,15,-1,700,280,420,3,0.3333333333333333,1.0,0.4439616653973089,0.46904761904761905,0.4756159478381701,2.1464176404359616,0.6502137661544577,0.3281692587248143,0.3935071615627171,0.4100662711773823,0.3978907840701715,0.5526031986497546,50,699,demo_two_step,
z2_control,20,-1,700,280,420,3,0.3333333333333333,1.0,0.5206342557332656,0.45476190476190476,0.4595291539735984,2.221304789135001,0.6427660878296105,0.3232571749238416,0.371566859066859,0.4045347656458767,0.39109377940899676,0.5327029343126727,50,699,demo_two_step,
z2_control,25,-1,700,280,420,3,0.3333333333333333,1.0,0.4676736904459677,0.3619047619047619,0.35980172091283197,2.7743998966324273,0.5512424369821011,0.34480332424776866,0.4197784725562503,0.4704585537918871,0.30872058734131586,0.42177540315157347,50,699,demo_two_step,
z2_control,30,-1,700,280,420,3,0.3333333333333333,1.0,0.48161504611999656,0.3523809523809524,0.3495804606915718,2.8373807428111584,0.5507224923823201,0.33660066271177386,0.3867858478969589,0.4062583507027952,0.2796040904123881,0.4270833201831146,50,699,demo_two_step,
answer_control,0,-1,700,280,420,12,0.08333333333333333,1.0,0.3422380045608766,0.3,0.3222962768060227,3.4881067355671753,0.7889421505666713,0.08494549431475205,0.13737440917648522,0.15387045322138743,0.25014754679390433,0.38619975559607694,50,699,demo_two_step,
answer_control,5,-1,700,280,420,12,0.08333333333333333,0.3,0.3138993005471194,0.23809523809523808,0.25860171666592763,3.360208393903072,0.7387013433147778,0.08470568272610864,0.11521498574009138,0.161967840351871,0.194951983565088,0.32797120511617034,50,699,demo_two_step,
answer_control,10,-1,700,280,420,12,0.08333333333333333,0.01,0.3485825788019163,0.24285714285714285,0.2669340313201376,2.431544110736676,0.7486819223581692,0.08122279357177668,0.12244329117736125,0.14066299032853463,0.17866865296977957,0.34894914043194086,50,699,demo_two_step,
answer_control,15,-1,700,280,420,12,0.08333333333333333,0.003,0.1925804201305944,0.24285714285714285,0.26228645077153523,2.3954759885059156,0.711883343561436,0.08561306510935936,0.12359248723017874,0.1641389437546177,0.20176806071808567,0.3171061936902191,50,699,demo_two_step,
answer_control,20,-1,700,280,420,12,0.08333333333333333,0.003,0.2315373163652968,0.27380952380952384,0.28493487679896595,2.1979863125328856,0.7468505502594659,0.08234375802150616,0.11102517692769115,0.13829927513918286,0.221024882578626,0.34300711083501145,50,699,demo_two_step,
answer_control,25,-1,700,280,420,12,0.08333333333333333,0.003,0.3001280628989115,0.29285714285714287,0.31230531953784907,2.0189932943396136,0.813068684373741,0.08523011083543743,0.13371614038948648,0.14609768412247562,0.26120263743482525,0.3722043076584908,50,699,demo_two_step,
answer_control,30,-1,700,280,420,12,0.08333333333333333,1.0,0.2963668660784506,0.25,0.2723071834104563,4.333405326972072,0.7950435283932261,0.08440934108167993,0.11621652758503462,0.14760494045215425,0.2123450195591502,0.33193921490578726,50,699,demo_two_step,
